fold,n_samples,accuracy,roc_auc,pr_auc,precision,recall,f1
1,27,1.0,1.0,1.0,1.0,1.0,1.0
2,27,1.0,1.0,1.0,1.0,1.0,1.0
3,26,0.9615384615384616,1.0,1.0,0.9411764705882353,1.0,0.9696969696969697
4,26,1.0,1.0,1.0,1.0,1.0,1.0
5,26,1.0,1.0,1.0,1.0,1.0,1.0
